n_lipids,api_to_lipid_ratio,lipid_DPPC_fraction,lipid_DSPC_fraction,lipid_CHEMS_fraction,lipid_DMPC_fraction,lipid_DAPC_fraction,lipid_Chol_fraction,lipid_Soy PC_fraction,lipid_Egg PC_fraction,lipid_DOTAP_fraction,lipid_DOPE_fraction,lipid_DPPG_fraction,api_molecular_weight,api_logp,api_rotatable_bond_count,api_hbond_acceptor_count,api_hbond_donor_count,api_heavy_atom_count,api_tpsa,api_complexity,api_defined_atom_stereocenter_count,api_defined_bond_stereocenter_count,api_number_of_rings,api_molecular_weight_missing,api_logp_missing,api_rotatable_bond_count_missing,api_hbond_acceptor_count_missing,api_hbond_donor_count_missing,api_heavy_atom_count_missing,api_tpsa_missing,api_complexity_missing,api_defined_atom_stereocenter_count_missing,api_defined_bond_stereocenter_count_missing,api_number_of_rings_missing,lipid_1_fraction,lipid_2_fraction,lipid_3_fraction,api_lipid_1_hbond_donor_diff,api_lipid_1_logp_diff,api_lipid_1_logp_ratio,api_lipid_2_logp_diff,lipid_1_2_logp_diff,lipid_1_2_tail_diff,lipid_1_3_logp_diff,lipid_1_Has tails,lipid_1_avg_double_bonds_per_tail,lipid_1_formal_charge,lipid_1_hbond_acceptor_count,lipid_1_hbond_donor_count,lipid_1_is_anionic,lipid_1_is_cationic,lipid_1_is_mixture,lipid_1_is_phospholipid,lipid_1_is_sterol,lipid_1_is_zwitterionic,lipid_1_logp,lipid_1_molecular_weight,lipid_1_number_of_tails,lipid_1_rotatable_bond_count,lipid_1_tail_length_max,lipid_1_tail_length_mean,lipid_1_tpsa,lipid_2_Has tails,lipid_2_avg_double_bonds_per_tail,lipid_2_formal_charge,lipid_2_hbond_acceptor_count,lipid_2_hbond_donor_count,lipid_2_is_anionic,lipid_2_is_cationic,lipid_2_is_mixture,lipid_2_is_phospholipid,lipid_2_is_sterol,lipid_2_is_zwitterionic,lipid_2_logp,lipid_2_missing,lipid_2_molecular_weight,lipid_2_number_of_tails,lipid_2_rotatable_bond_count,lipid_2_tail_length_max,lipid_2_tail_length_mean,lipid_2_tpsa,lipid_3_Has tails,lipid_3_avg_double_bonds_per_tail,lipid_3_formal_charge,lipid_3_hbond_acceptor_count,lipid_3_hbond_donor_count,lipid_3_is_anionic,lipid_3_is_cationic,lipid_3_is_mixture,lipid_3_is_phospholipid,lipid_3_is_sterol,lipid_3_is_zwitterionic,lipid_3_logp,lipid_3_missing,lipid_3_molecular_weight,lipid_3_number_of_tails,lipid_3_rotatable_bond_count,lipid_3_tail_length_max,lipid_3_tail_length_mean,lipid_3_tpsa,lipid_max_logp,lipid_min_logp,lipid_weighted_hbond_donors,lipid_weighted_logp
1,0.06666666666666667,1.0,0.0,0.0,0.0,0.0,0.0,0.0,0.0,0.0,0.0,0.0,384.2,1.53,9.0,6.0,4.0,28.0,124.0,500.0,2.0,0.0,2.0,0,0,0,0,0,0,0,0,0,0,0,1.0,0.0,0.0,4.0,-11.97,0.11333332493827224,,,,,1.0,0.0,0.0,8.0,0.0,0.0,0.0,0.0,1.0,0.0,1.0,13.5,734.0,2.0,40.0,16.0,16.0,111.0,,,,,,,,,,,,,1.0,,,,,,,,,,,,,,,,,,,1.0,,,,,,,13.5,13.5,0.0,13.5
1,0.1,1.0,0.0,0.0,0.0,0.0,0.0,0.0,0.0,0.0,0.0,0.0,384.2,1.53,9.0,6.0,4.0,28.0,124.0,500.0,2.0,0.0,2.0,0,0,0,0,0,0,0,0,0,0,0,1.0,0.0,0.0,4.0,-11.97,0.11333332493827224,,,,,1.0,0.0,0.0,8.0,0.0,0.0,0.0,0.0,1.0,0.0,1.0,13.5,734.0,2.0,40.0,16.0,16.0,111.0,,,,,,,,,,,,,1.0,,,,,,,,,,,,,,,,,,,1.0,,,,,,,13.5,13.5,0.0,13.5
1,0.14300000000000002,1.0,0.0,0.0,0.0,0.0,0.0,0.0,0.0,0.0,0.0,0.0,384.2,1.53,9.0,6.0,4.0,28.0,124.0,500.0,2.0,0.0,2.0,0,0,0,0,0,0,0,0,0,0,0,1.0,0.0,0.0,4.0,-11.97,0.11333332493827224,,,,,1.0,0.0,0.0,8.0,0.0,0.0,0.0,0.0,1.0,0.0,1.0,13.5,734.0,2.0,40.0,16.0,16.0,111.0,,,,,,,,,,,,,1.0,,,,,,,,,,,,,,,,,,,1.0,,,,,,,13.5,13.5,0.0,13.5
1,0.2,1.0,0.0,0.0,0.0,0.0,0.0,0.0,0.0,0.0,0.0,0.0,384.2,1.53,9.0,6.0,4.0,28.0,124.0,500.0,2.0,0.0,2.0,0,0,0,0,0,0,0,0,0,0,0,1.0,0.0,0.0,4.0,-11.97,0.11333332493827224,,,,,1.0,0.0,0.0,8.0,0.0,0.0,0.0,0.0,1.0,0.0,1.0,13.5,734.0,2.0,40.0,16.0,16.0,111.0,,,,,,,,,,,,,1.0,,,,,,,,,,,,,,,,,,,1.0,,,,,,,13.5,13.5,0.0,13.5
2,0.009060955518945635,0.0,0.5,0.0,0.0,0.0,0.5,0.0,0.0,0.0,0.0,0.0,1620.7,-5.1,35.0,28.0,22.0,115.0,702.0,3480.0,13.0,0.0,4.0,0,0,0,0,0,0,0,0,0,0,0,0.5,0.5,0.0,22.0,-20.7,-0.32692305596647075,-13.799999999999999,6.9,18.0,,1.0,0.0,0.0,8.0,0.0,0.0,0.0,0.0,1.0,0.0,1.0,15.6,790.1,2.0,44.0,18.0,18.0,111.0,0.0,0.0,0.0,1.0,1.0,0.0,0.0,0.0,0.0,1.0,0.0,8.7,0.0,386.7,0.0,5.0,0.0,0.0,20.2,,,,,,,,,,,,,1.0,,,,,,,15.6,8.7,0.5,12.149999999999999
1,0.19236417033773864,1.0,0.0,0.0,0.0,0.0,0.0,0.0,0.0,0.0,0.0,0.0,381.4,3.4,3.0,7.0,1.0,26.0,86.4,577.0,0.0,0.0,3.0,0,0,0,0,0,0,0,0,0,0,0,1.0,0.0,0.0,1.0,-10.1,0.2518518331961605,,,,,1.0,0.0,0.0,8.0,0.0,0.0,0.0,0.0,1.0,0.0,1.0,13.5,734.0,2.0,40.0,16.0,16.0,111.0,,,,,,,,,,,,,1.0,,,,,,,,,,,,,,,,,,,1.0,,,,,,,13.5,13.5,0.0,13.5
1,0.20695102685624014,0.0,1.0,0.0,0.0,0.0,0.0,0.0,0.0,0.0,0.0,0.0,381.4,3.4,3.0,7.0,1.0,26.0,86.4,577.0,0.0,0.0,3.0,0,0,0,0,0,0,0,0,0,0,0,1.0,0.0,0.0,1.0,-12.2,0.21794870397764718,,,,,1.0,0.0,0.0,8.0,0.0,0.0,0.0,0.0,1.0,0.0,1.0,15.6,790.1,2.0,44.0,18.0,18.0,111.0,,,,,,,,,,,,,1.0,,,,,,,,,,,,,,,,,,,1.0,,,,,,,15.6,15.6,0.0,15.6
2,0.06000916170407696,0.0,0.2899679340357306,0.0,0.0,0.0,0.7100320659642694,0.0,0.0,0.0,0.0,0.0,381.4,3.4,3.0,7.0,1.0,26.0,86.4,577.0,0.0,0.0,3.0,0,0,0,0,0,0,0,0,0,0,0,0.2899679340357306,0.7100320659642694,0.0,1.0,-12.2,0.21794870397764718,-5.299999999999999,6.9,18.0,,1.0,0.0,0.0,8.0,0.0,0.0,0.0,0.0,1.0,0.0,1.0,15.6,790.1,2.0,44.0,18.0,18.0,111.0,0.0,0.0,0.0,1.0,1.0,0.0,0.0,0.0,0.0,1.0,0.0,8.7,0.0,386.7,0.0,5.0,0.0,0.0,20.2,,,,,,,,,,,,,1.0,,,,,,,15.6,8.7,0.7100320659642694,10.700778744846541
2,0.1388447270800212,0.0,0.670906200317965,0.0,0.0,0.0,0.329093799682035,0.0,0.0,0.0,0.0,0.0,381.4,3.4,3.0,7.0,1.0,26.0,86.4,577.0,0.0,0.0,3.0,0,0,0,0,0,0,0,0,0,0,0,0.670906200317965,0.329093799682035,0.0,1.0,-12.2,0.21794870397764718,-5.299999999999999,6.9,18.0,,1.0,0.0,0.0,8.0,0.0,0.0,0.0,0.0,1.0,0.0,1.0,15.6,790.1,2.0,44.0,18.0,18.0,111.0,0.0,0.0,0.0,1.0,1.0,0.0,0.0,0.0,0.0,1.0,0.0,8.7,0.0,386.7,0.0,5.0,0.0,0.0,20.2,,,,,,,,,,,,,1.0,,,,,,,15.6,8.7,0.329093799682035,13.329252782193958
2,0.10238374364986323,0.0,0.49472450175849936,0.0,0.0,0.0,0.5052754982415005,0.0,0.0,0.0,0.0,0.0,381.4,3.4,3.0,7.0,1.0,26.0,86.4,577.0,0.0,0.0,3.0,0,0,0,0,0,0,0,0,0,0,0,0.49472450175849936,0.5052754982415005,0.0,1.0,-12.2,0.21794870397764718,-5.299999999999999,6.9,18.0,,1.0,0.0,0.0,8.0,0.0,0.0,0.0,0.0,1.0,0.0,1.0,15.6,790.1,2.0,44.0,18.0,18.0,111.0,0.0,0.0,0.0,1.0,1.0,0.0,0.0,0.0,0.0,1.0,0.0,8.7,0.0,386.7,0.0,5.0,0.0,0.0,20.2,,,,,,,,,,,,,1.0,,,,,,,15.6,8.7,0.5052754982415005,12.113599062133645
2,0.06000916170407696,0.0,0.2899679340357306,0.0,0.0,0.0,0.7100320659642694,0.0,0.0,0.0,0.0,0.0,381.4,3.4,3.0,7.0,1.0,26.0,86.4,577.0,0.0,0.0,3.0,0,0,0,0,0,0,0,0,0,0,0,0.2899679340357306,0.7100320659642694,0.0,1.0,-12.2,0.21794870397764718,-5.299999999999999,6.9,18.0,,1.0,0.0,0.0,8.0,0.0,0.0,0.0,0.0,1.0,0.0,1.0,15.6,790.1,2.0,44.0,18.0,18.0,111.0,0.0,0.0,0.0,1.0,1.0,0.0,0.0,0.0,0.0,1.0,0.0,8.7,0.0,386.7,0.0,5.0,0.0,0.0,20.2,,,,,,,,,,,,,1.0,,,,,,,15.6,8.7,0.7100320659642694,10.700778744846541
2,0.00013,0.0,0.0,0.5,0.0,0.0,0.0,0.0,0.0,0.0,0.5,0.0,554.6,1.8,6.0,10.0,4.0,36.0,195.0,750.0,2.0,0.0,3.0,1,1,1,1,1,1,1,1,1,1,1,0.5,0.5,0.0,,,,,-2.0999999999999996,-18.0,,0.0,0.0,0.0,4.0,1.0,1.0,0.0,0.0,0.0,1.0,0.0,8.5,486.7,0.0,10.0,0.0,0.0,63.6,1.0,1.0,0.0,9.0,2.0,0.0,0.0,0.0,1.0,0.0,1.0,10.6,0.0,744.0,2.0,41.0,18.0,18.0,134.0,,,,,,,,,,,,,1.0,,,,,,,10.6,8.5,1.5,9.55
2,5.2e-05,0.0,0.0,0.2,0.0,0.0,0.0,0.0,0.0,0.0,0.8,0.0,554.6,1.8,6.0,10.0,4.0,36.0,195.0,750.0,2.0,0.0,3.0,1,1,1,1,1,1,1,1,1,1,1,0.2,0.8,0.0,,,,,-2.0999999999999996,-18.0,,0.0,0.0,0.0,4.0,1.0,1.0,0.0,0.0,0.0,1.0,0.0,8.5,486.7,0.0,10.0,0.0,0.0,63.6,1.0,1.0,0.0,9.0,2.0,0.0,0.0,0.0,1.0,0.0,1.0,10.6,0.0,744.0,2.0,41.0,18.0,18.0,134.0,,,,,,,,,,,,,1.0,,,,,,,10.6,8.5,1.8,10.18
2,5.2e-05,0.0,0.0,0.28572,0.0,0.0,0.0,0.0,0.0,0.0,0.71428,0.0,554.6,1.8,6.0,10.0,4.0,36.0,195.0,750.0,2.0,0.0,3.0,1,1,1,1,1,1,1,1,1,1,1,0.28572,0.71428,0.0,,,,,-2.0999999999999996,-18.0,,0.0,0.0,0.0,4.0,1.0,1.0,0.0,0.0,0.0,1.0,0.0,8.5,486.7,0.0,10.0,0.0,0.0,63.6,1.0,1.0,0.0,9.0,2.0,0.0,0.0,0.0,1.0,0.0,1.0,10.6,0.0,744.0,2.0,41.0,18.0,18.0,134.0,,,,,,,,,,,,,1.0,,,,,,,10.6,8.5,1.71428,9.999987999999998
1,0.02764227642276423,0.0,0.0,0.0,1.0,0.0,0.0,0.0,0.0,0.0,0.0,0.0,942.1,-1.6,29.0,11.0,12.0,68.0,392.0,1820.0,6.0,0.0,3.0,0,0,0,0,0,0,0,0,0,0,1,1.0,0.0,0.0,12.0,-12.9,-0.14159290782363648,,,,,1.0,0.0,0.0,8.0,0.0,0.0,0.0,0.0,1.0,0.0,1.0,11.3,677.9,2.0,36.0,14.0,14.0,111.0,,,,,,,,,,,,,1.0,,,,,,,,,,,,,,,,,,,1.0,,,,,,,11.3,11.3,0.0,11.3
2,0.023665893271461718,0.0,0.0,0.0,0.665893271461717,0.0,0.33410672853828305,0.0,0.0,0.0,0.0,0.0,942.1,-1.6,29.0,11.0,12.0,68.0,392.0,1820.0,6.0,0.0,3.0,0,0,0,0,0,0,0,0,0,0,1,0.665893271461717,0.33410672853828305,0.0,12.0,-12.9,-0.14159290782363648,-10.299999999999999,2.6000000000000014,14.0,,1.0,0.0,0.0,8.0,0.0,0.0,0.0,0.0,1.0,0.0,1.0,11.3,677.9,2.0,36.0,14.0,14.0,111.0,0.0,0.0,0.0,1.0,1.0,0.0,0.0,0.0,0.0,1.0,0.0,8.7,0.0,386.7,0.0,5.0,0.0,0.0,20.2,,,,,,,,,,,,,1.0,,,,,,,11.3,8.7,0.33410672853828305,10.431322505800464
2,0.029565217391304348,0.6666666666666666,0.0,0.0,0.0,0.0,0.3333333333333333,0.0,0.0,0.0,0.0,0.0,942.1,-1.6,29.0,11.0,12.0,68.0,392.0,1820.0,6.0,0.0,3.0,0,0,0,0,0,0,0,0,0,0,1,0.6666666666666666,0.3333333333333333,0.0,12.0,-15.1,-0.11851850973936966,-10.299999999999999,4.800000000000001,16.0,,1.0,0.0,0.0,8.0,0.0,0.0,0.0,0.0,1.0,0.0,1.0,13.5,734.0,2.0,40.0,16.0,16.0,111.0,0.0,0.0,0.0,1.0,1.0,0.0,0.0,0.0,0.0,1.0,0.0,8.7,0.0,386.7,0.0,5.0,0.0,0.0,20.2,,,,,,,,,,,,,1.0,,,,,,,13.5,8.7,0.3333333333333333,11.899999999999999
3,0.007293333333333334,0.375,0.0,0.0,0.0,0.0,0.0,0.0,0.0,0.25,0.375,0.0,1144.4,4.6,10.0,22.0,9.0,76.0,495.0,2180.0,6.0,2.0,3.0,0,0,0,0,0,0,0,0,0,0,1,0.375,0.375,0.25,9.0,-8.9,0.34074071550068774,-6.0,2.9000000000000004,-2.0,-1.5999999999999996,1.0,0.0,0.0,8.0,0.0,0.0,0.0,0.0,1.0,0.0,1.0,13.5,734.0,2.0,40.0,16.0,16.0,111.0,1.0,1.0,0.0,9.0,2.0,0.0,0.0,0.0,1.0,0.0,1.0,10.6,0.0,744.0,2.0,41.0,18.0,18.0,134.0,1.0,1.0,1.0,4.0,0.0,0.0,1.0,0.0,0.0,0.0,0.0,15.1,0.0,698.5,2.0,37.0,18.0,18.0,52.6,15.1,10.6,0.75,12.8125
3,0.007293333333333334,0.0,0.375,0.0,0.0,0.0,0.0,0.0,0.0,0.25,0.375,0.0,1144.4,4.6,10.0,22.0,9.0,76.0,495.0,2180.0,6.0,2.0,3.0,0,0,0,0,0,0,0,0,0,0,1,0.375,0.375,0.25,9.0,-11.0,0.29487177596975794,-6.0,5.0,0.0,0.5,1.0,0.0,0.0,8.0,0.0,0.0,0.0,0.0,1.0,0.0,1.0,15.6,790.1,2.0,44.0,18.0,18.0,111.0,1.0,1.0,0.0,9.0,2.0,0.0,0.0,0.0,1.0,0.0,1.0,10.6,0.0,744.0,2.0,41.0,18.0,18.0,134.0,1.0,1.0,1.0,4.0,0.0,0.0,1.0,0.0,0.0,0.0,0.0,15.1,0.0,698.5,2.0,37.0,18.0,18.0,52.6,15.6,10.6,0.75,13.6
3,0.007293333333333334,0.0,0.0,0.0,0.0,0.375,0.0,0.0,0.0,0.25,0.375,0.0,1144.4,4.6,10.0,22.0,9.0,76.0,495.0,2180.0,6.0,2.0,3.0,0,0,0,0,0,0,0,0,0,0,1,0.375,0.375,0.25,9.0,-7.200000000000001,0.3898304754380953,-6.0,1.200000000000001,2.0,-3.299999999999999,1.0,4.0,0.0,8.0,0.0,0.0,0.0,0.0,1.0,0.0,1.0,11.8,846.3,2.0,40.0,20.0,20.0,111.0,1.0,1.0,0.0,9.0,2.0,0.0,0.0,0.0,1.0,0.0,1.0,10.6,0.0,744.0,2.0,41.0,18.0,18.0,134.0,1.0,1.0,1.0,4.0,0.0,0.0,1.0,0.0,0.0,0.0,0.0,15.1,0.0,698.5,2.0,37.0,18.0,18.0,52.6,15.1,10.6,0.75,12.175
2,0.547,0.5,0.0,0.0,0.0,0.0,0.5,0.0,0.0,0.0,0.0,0.0,482.4,2.4,4.0,10.0,5.0,35.0,155.0,750.0,0.0,0.0,3.0,0,0,0,0,0,0,0,0,0,0,1,0.5,0.5,0.0,5.0,-11.1,0.17777776460905448,-6.299999999999999,4.800000000000001,16.0,,1.0,0.0,0.0,8.0,0.0,0.0,0.0,0.0,1.0,0.0,1.0,13.5,734.0,2.0,40.0,16.0,16.0,111.0,0.0,0.0,0.0,1.0,1.0,0.0,0.0,0.0,0.0,1.0,0.0,8.7,0.0,386.7,0.0,5.0,0.0,0.0,20.2,,,,,,,,,,,,,1.0,,,,,,,13.5,8.7,0.5,11.1
3,0.6349,0.55,0.0,0.0,0.0,0.0,0.15,0.0,0.0,0.0,0.0,0.3,623.7,1.8,13.0,18.0,12.0,43.0,374.0,519.0,4.0,0.0,3.0,0,1,0,0,0,0,0,0,0,0,1,0.55,0.3,0.15,12.0,,,,1.3000000000000007,0.0,4.800000000000001,1.0,0.0,0.0,8.0,0.0,0.0,0.0,0.0,1.0,0.0,1.0,13.5,734.0,2.0,40.0,16.0,16.0,111.0,1.0,0.0,0.0,10.0,3.0,1.0,0.0,0.0,1.0,0.0,0.0,12.2,0.0,723.0,2.0,40.0,16.0,16.0,149.0,0.0,0.0,0.0,1.0,1.0,0.0,0.0,0.0,0.0,1.0,0.0,8.7,0.0,386.7,0.0,5.0,0.0,0.0,20.2,13.5,8.7,1.0499999999999998,12.39
3,0.6349,0.45,0.0,0.0,0.0,0.0,0.15,0.0,0.0,0.0,0.0,0.4,623.7,1.8,13.0,18.0,12.0,43.0,374.0,519.0,4.0,0.0,3.0,0,1,0,0,0,0,0,0,0,0,1,0.45,0.4,0.15,12.0,,,,1.3000000000000007,0.0,4.800000000000001,1.0,0.0,0.0,8.0,0.0,0.0,0.0,0.0,1.0,0.0,1.0,13.5,734.0,2.0,40.0,16.0,16.0,111.0,1.0,0.0,0.0,10.0,3.0,1.0,0.0,0.0,1.0,0.0,0.0,12.2,0.0,723.0,2.0,40.0,16.0,16.0,149.0,0.0,0.0,0.0,1.0,1.0,0.0,0.0,0.0,0.0,1.0,0.0,8.7,0.0,386.7,0.0,5.0,0.0,0.0,20.2,13.5,8.7,1.35,12.26
1,0.375,0.0,1.0,0.0,0.0,0.0,0.0,0.0,0.0,0.0,0.0,0.0,270.24,1.7,1.0,5.0,3.0,20.0,87.0,410.0,0.0,0.0,3.0,0,0,0,0,0,0,0,0,0,0,0,1.0,0.0,0.0,3.0,-13.9,0.10897435198882359,,,,,1.0,0.0,0.0,8.0,0.0,0.0,0.0,0.0,1.0,0.0,1.0,15.6,790.1,2.0,44.0,18.0,18.0,111.0,,,,,,,,,,,,,1.0,,,,,,,,,,,,,,,,,,,1.0,,,,,,,15.6,15.6,0.0,15.6
1,0.25,0.0,1.0,0.0,0.0,0.0,0.0,0.0,0.0,0.0,0.0,0.0,130.08,-0.9,0.0,3.0,2.0,9.0,58.2,199.0,0.0,0.0,1.0,0,0,0,0,0,0,0,0,0,0,0,1.0,0.0,0.0,2.0,-16.5,-0.05769230399408308,,,,,1.0,0.0,0.0,8.0,0.0,0.0,0.0,0.0,1.0,0.0,1.0,15.6,790.1,2.0,44.0,18.0,18.0,111.0,,,,,,,,,,,,,1.0,,,,,,,,,,,,,,,,,,,1.0,,,,,,,15.6,15.6,0.0,15.6
2,0.0017733333333333331,0.75,0.0,0.0,0.0,0.0,0.25,0.0,0.0,0.0,0.0,0.0,554.6,1.8,6.0,10.0,4.0,36.0,195.0,750.0,2.0,0.0,3.0,1,1,1,1,1,1,1,1,1,1,1,0.75,0.25,0.0,,,,,4.800000000000001,16.0,,1.0,0.0,0.0,8.0,0.0,0.0,0.0,0.0,1.0,0.0,1.0,13.5,734.0,2.0,40.0,16.0,16.0,111.0,0.0,0.0,0.0,1.0,1.0,0.0,0.0,0.0,0.0,1.0,0.0,8.7,0.0,386.7,0.0,5.0,0.0,0.0,20.2,,,,,,,,,,,,,1.0,,,,,,,13.5,8.7,0.25,12.3
2,0.0017733333333333331,0.5,0.0,0.0,0.0,0.0,0.5,0.0,0.0,0.0,0.0,0.0,554.6,1.8,6.0,10.0,4.0,36.0,195.0,750.0,2.0,0.0,3.0,1,1,1,1,1,1,1,1,1,1,1,0.5,0.5,0.0,,,,,4.800000000000001,16.0,,1.0,0.0,0.0,8.0,0.0,0.0,0.0,0.0,1.0,0.0,1.0,13.5,734.0,2.0,40.0,16.0,16.0,111.0,0.0,0.0,0.0,1.0,1.0,0.0,0.0,0.0,0.0,1.0,0.0,8.7,0.0,386.7,0.0,5.0,0.0,0.0,20.2,,,,,,,,,,,,,1.0,,,,,,,13.5,8.7,0.5,11.1
2,0.0017733333333333331,0.6666666666666666,0.0,0.0,0.0,0.0,0.3333333333333333,0.0,0.0,0.0,0.0,0.0,554.6,1.8,6.0,10.0,4.0,36.0,195.0,750.0,2.0,0.0,3.0,1,1,1,1,1,1,1,1,1,1,1,0.6666666666666666,0.3333333333333333,0.0,,,,,4.800000000000001,16.0,,1.0,0.0,0.0,8.0,0.0,0.0,0.0,0.0,1.0,0.0,1.0,13.5,734.0,2.0,40.0,16.0,16.0,111.0,0.0,0.0,0.0,1.0,1.0,0.0,0.0,0.0,0.0,1.0,0.0,8.7,0.0,386.7,0.0,5.0,0.0,0.0,20.2,,,,,,,,,,,,,1.0,,,,,,,13.5,8.7,0.3333333333333333,11.899999999999999
1,0.6414219474497681,0.0,0.0,0.0,0.0,0.0,1.0,0.0,0.0,0.0,0.0,0.0,482.4,2.4,4.0,10.0,5.0,35.0,155.0,750.0,4.0,0.0,5.0,0,0,0,0,0,0,0,0,0,0,0,1.0,0.0,0.0,4.0,-6.299999999999999,0.2758620372572371,,,,,0.0,0.0,0.0,1.0,1.0,0.0,0.0,0.0,0.0,1.0,0.0,8.7,386.7,0.0,5.0,0.0,0.0,20.2,,,,,,,,,,,,,1.0,,,,,,,,,,,,,,,,,,,1.0,,,,,,,8.7,8.7,1.0,8.7
1,0.8423493044822257,0.0,0.0,0.0,0.0,0.0,1.0,0.0,0.0,0.0,0.0,0.0,368.4,3.2,8.0,6.0,2.0,27.0,93.1,507.0,0.0,2.0,2.0,0,0,0,0,0,0,0,0,0,0,0,1.0,0.0,0.0,1.0,-5.499999999999999,0.3678160496763162,,,,,0.0,0.0,0.0,1.0,1.0,0.0,0.0,0.0,0.0,1.0,0.0,8.7,386.7,0.0,5.0,0.0,0.0,20.2,,,,,,,,,,,,,1.0,,,,,,,,,,,,,,,,,,,1.0,,,,,,,8.7,8.7,1.0,8.7
2,27.35,0.8335,0.0,0.0,0.0,0.0,0.1665,0.0,0.0,0.0,0.0,0.0,914.2,6.0,6.0,13.0,3.0,65.0,195.0,1760.0,15.0,4.0,4.0,0,0,0,0,0,0,0,0,0,0,0,0.8335,0.1665,0.0,3.0,-7.5,0.4444444115226362,-2.6999999999999993,4.800000000000001,16.0,,1.0,0.0,0.0,8.0,0.0,0.0,0.0,0.0,1.0,0.0,1.0,13.5,734.0,2.0,40.0,16.0,16.0,111.0,0.0,0.0,0.0,1.0,1.0,0.0,0.0,0.0,0.0,1.0,0.0,8.7,0.0,386.7,0.0,5.0,0.0,0.0,20.2,,,,,,,,,,,,,1.0,,,,,,,13.5,8.7,0.1665,12.700800000000001
3,27.36368184092046,0.5882941470735368,0.0,0.0,0.0,0.0,0.11755877938969485,0.0,0.0,0.0,0.2941470735367684,0.0,914.2,6.0,6.0,13.0,3.0,65.0,195.0,1760.0,15.0,4.0,4.0,0,0,0,0,0,0,0,0,0,0,0,0.5882941470735368,0.2941470735367684,0.11755877938969485,3.0,-7.5,0.4444444115226362,-4.6,2.9000000000000004,-2.0,4.800000000000001,1.0,0.0,0.0,8.0,0.0,0.0,0.0,0.0,1.0,0.0,1.0,13.5,734.0,2.0,40.0,16.0,16.0,111.0,1.0,1.0,0.0,9.0,2.0,0.0,0.0,0.0,1.0,0.0,1.0,10.6,0.0,744.0,2.0,41.0,18.0,18.0,134.0,0.0,0.0,0.0,1.0,1.0,0.0,0.0,0.0,0.0,1.0,0.0,8.7,0.0,386.7,0.0,5.0,0.0,0.0,20.2,13.5,8.7,0.7058529264632316,12.082691345672835
2,27.35,0.75,0.0,0.0,0.0,0.0,0.25,0.0,0.0,0.0,0.0,0.0,914.2,6.0,6.0,13.0,3.0,65.0,195.0,1760.0,15.0,4.0,4.0,0,0,0,0,0,0,0,0,0,0,0,0.75,0.25,0.0,3.0,-7.5,0.4444444115226362,-2.6999999999999993,4.800000000000001,16.0,,1.0,0.0,0.0,8.0,0.0,0.0,0.0,0.0,1.0,0.0,1.0,13.5,734.0,2.0,40.0,16.0,16.0,111.0,0.0,0.0,0.0,1.0,1.0,0.0,0.0,0.0,0.0,1.0,0.0,8.7,0.0,386.7,0.0,5.0,0.0,0.0,20.2,,,,,,,,,,,,,1.0,,,,,,,13.5,8.7,0.25,12.3
3,27.35,0.4285,0.0,0.0,0.0,0.0,0.14300000000000002,0.0,0.0,0.0,0.4285,0.0,914.2,6.0,6.0,13.0,3.0,65.0,195.0,1760.0,15.0,4.0,4.0,0,0,0,0,0,0,0,0,0,0,0,0.4285,0.4285,0.14300000000000002,3.0,-7.5,0.4444444115226362,-4.6,2.9000000000000004,-2.0,4.800000000000001,1.0,0.0,0.0,8.0,0.0,0.0,0.0,0.0,1.0,0.0,1.0,13.5,734.0,2.0,40.0,16.0,16.0,111.0,1.0,1.0,0.0,9.0,2.0,0.0,0.0,0.0,1.0,0.0,1.0,10.6,0.0,744.0,2.0,41.0,18.0,18.0,134.0,0.0,0.0,0.0,1.0,1.0,0.0,0.0,0.0,0.0,1.0,0.0,8.7,0.0,386.7,0.0,5.0,0.0,0.0,20.2,13.5,8.7,1.0,11.57095
3,27.35,0.4,0.0,0.0,0.0,0.0,0.4,0.0,0.0,0.0,0.2,0.0,914.2,6.0,6.0,13.0,3.0,65.0,195.0,1760.0,15.0,4.0,4.0,0,0,0,0,0,0,0,0,0,0,0,0.4,0.2,0.4,3.0,-7.5,0.4444444115226362,-4.6,2.9000000000000004,-2.0,4.800000000000001,1.0,0.0,0.0,8.0,0.0,0.0,0.0,0.0,1.0,0.0,1.0,13.5,734.0,2.0,40.0,16.0,16.0,111.0,1.0,1.0,0.0,9.0,2.0,0.0,0.0,0.0,1.0,0.0,1.0,10.6,0.0,744.0,2.0,41.0,18.0,18.0,134.0,0.0,0.0,0.0,1.0,1.0,0.0,0.0,0.0,0.0,1.0,0.0,8.7,0.0,386.7,0.0,5.0,0.0,0.0,20.2,13.5,8.7,0.8,11.0
3,27.35,0.4545,0.0,0.0,0.0,0.0,0.091,0.0,0.0,0.0,0.4545,0.0,914.2,6.0,6.0,13.0,3.0,65.0,195.0,1760.0,15.0,4.0,4.0,0,0,0,0,0,0,0,0,0,0,0,0.4545,0.4545,0.091,3.0,-7.5,0.4444444115226362,-4.6,2.9000000000000004,-2.0,4.800000000000001,1.0,0.0,0.0,8.0,0.0,0.0,0.0,0.0,1.0,0.0,1.0,13.5,734.0,2.0,40.0,16.0,16.0,111.0,1.0,1.0,0.0,9.0,2.0,0.0,0.0,0.0,1.0,0.0,1.0,10.6,0.0,744.0,2.0,41.0,18.0,18.0,134.0,0.0,0.0,0.0,1.0,1.0,0.0,0.0,0.0,0.0,1.0,0.0,8.7,0.0,386.7,0.0,5.0,0.0,0.0,20.2,13.5,8.7,1.0,11.74515
2,27.35,0.5,0.0,0.0,0.0,0.0,0.5,0.0,0.0,0.0,0.0,0.0,914.2,6.0,6.0,13.0,3.0,65.0,195.0,1760.0,15.0,4.0,4.0,0,0,0,0,0,0,0,0,0,0,0,0.5,0.5,0.0,3.0,-7.5,0.4444444115226362,-2.6999999999999993,4.800000000000001,16.0,,1.0,0.0,0.0,8.0,0.0,0.0,0.0,0.0,1.0,0.0,1.0,13.5,734.0,2.0,40.0,16.0,16.0,111.0,0.0,0.0,0.0,1.0,1.0,0.0,0.0,0.0,0.0,1.0,0.0,8.7,0.0,386.7,0.0,5.0,0.0,0.0,20.2,,,,,,,,,,,,,1.0,,,,,,,13.5,8.7,0.5,11.1
3,27.35,0.5455,0.0,0.0,0.0,0.0,0.182,0.0,0.0,0.0,0.2725,0.0,914.2,6.0,6.0,13.0,3.0,65.0,195.0,1760.0,15.0,4.0,4.0,0,0,0,0,0,0,0,0,0,0,0,0.5455,0.2725,0.182,3.0,-7.5,0.4444444115226362,-4.6,2.9000000000000004,-2.0,4.800000000000001,1.0,0.0,0.0,8.0,0.0,0.0,0.0,0.0,1.0,0.0,1.0,13.5,734.0,2.0,40.0,16.0,16.0,111.0,1.0,1.0,0.0,9.0,2.0,0.0,0.0,0.0,1.0,0.0,1.0,10.6,0.0,744.0,2.0,41.0,18.0,18.0,134.0,0.0,0.0,0.0,1.0,1.0,0.0,0.0,0.0,0.0,1.0,0.0,8.7,0.0,386.7,0.0,5.0,0.0,0.0,20.2,13.5,8.7,0.7270000000000001,11.83615
3,27.336331834082962,0.3333333333333333,0.0,0.0,0.0,0.0,0.3333333333333333,0.0,0.0,0.0,0.3333333333333333,0.0,914.2,6.0,6.0,13.0,3.0,65.0,195.0,1760.0,15.0,4.0,4.0,0,0,0,0,0,0,0,0,0,0,0,0.3333333333333333,0.3333333333333333,0.3333333333333333,3.0,-7.5,0.4444444115226362,-4.6,2.9000000000000004,-2.0,4.800000000000001,1.0,0.0,0.0,8.0,0.0,0.0,0.0,0.0,1.0,0.0,1.0,13.5,734.0,2.0,40.0,16.0,16.0,111.0,1.0,1.0,0.0,9.0,2.0,0.0,0.0,0.0,1.0,0.0,1.0,10.6,0.0,744.0,2.0,41.0,18.0,18.0,134.0,0.0,0.0,0.0,1.0,1.0,0.0,0.0,0.0,0.0,1.0,0.0,8.7,0.0,386.7,0.0,5.0,0.0,0.0,20.2,13.5,8.7,1.0,10.933333333333334
2,0.7482993197278912,0.0,0.0,0.0,0.0,0.0,1.0,0.0,0.0,0.0,0.0,0.0,554.6,1.8,6.0,10.0,4.0,36.0,195.0,750.0,2.0,0.0,3.0,1,1,1,1,1,1,1,1,1,1,1,,1.0,0.0,,,,,5.4,17.0,,1.0,2.0,0.0,7.0,0.0,0.0,0.0,1.0,1.0,0.0,1.0,14.1,775.0,2.0,40.0,18.0,17.0,94.1,0.0,0.0,0.0,1.0,1.0,0.0,0.0,0.0,0.0,1.0,0.0,8.7,0.0,386.7,0.0,5.0,0.0,0.0,20.2,,,,,,,,,,,,,1.0,,,,,,,14.1,8.7,1.0,8.7
2,0.24758842443729903,0.0,0.0,0.0,0.0,0.0,0.3311897106109325,0.6688102893890675,0.0,0.0,0.0,0.0,554.6,1.8,6.0,10.0,4.0,36.0,195.0,750.0,2.0,0.0,3.0,1,1,1,1,1,1,1,1,1,1,1,0.6688102893890675,0.3311897106109325,0.0,,,,,5.4,17.0,,1.0,2.0,0.0,7.0,0.0,0.0,0.0,1.0,1.0,0.0,1.0,14.1,775.0,2.0,40.0,18.0,17.0,94.1,0.0,0.0,0.0,1.0,1.0,0.0,0.0,0.0,0.0,1.0,0.0,8.7,0.0,386.7,0.0,5.0,0.0,0.0,20.2,,,,,,,,,,,,,1.0,,,,,,,14.1,8.7,0.3311897106109325,12.311575562700963
2,0.20461445051608987,0.0,0.7498482088646024,0.0,0.0,0.0,0.2501517911353977,0.0,0.0,0.0,0.0,0.0,1449.2,-2.6,13.0,26.0,19.0,101.0,530.0,2960.0,18.0,0.0,10.0,0,0,0,0,0,0,0,0,0,0,0,0.7498482088646024,0.2501517911353977,0.0,19.0,-18.2,-0.1666666559829067,-11.299999999999999,6.9,18.0,,1.0,0.0,0.0,8.0,0.0,0.0,0.0,0.0,1.0,0.0,1.0,15.6,790.1,2.0,44.0,18.0,18.0,111.0,0.0,0.0,0.0,1.0,1.0,0.0,0.0,0.0,0.0,1.0,0.0,8.7,0.0,386.7,0.0,5.0,0.0,0.0,20.2,,,,,,,,,,,,,1.0,,,,,,,15.6,8.7,0.2501517911353977,13.873952641165756
2,1.3650872817955113,0.0,0.0,0.0,0.0,0.0,0.22044887780548628,0.7795511221945137,0.0,0.0,0.0,0.0,146.14,-3.1,4.0,4.0,3.0,10.0,106.0,146.0,1.0,0.0,0.0,0,0,0,0,0,0,0,0,0,0,0,0.7795511221945137,0.22044887780548628,0.0,3.0,-17.2,-0.2198581404355929,-11.799999999999999,5.4,17.0,,1.0,2.0,0.0,7.0,0.0,0.0,0.0,1.0,1.0,0.0,1.0,14.1,775.0,2.0,40.0,18.0,17.0,94.1,0.0,0.0,0.0,1.0,1.0,0.0,0.0,0.0,0.0,1.0,0.0,8.7,0.0,386.7,0.0,5.0,0.0,0.0,20.2,,,,,,,,,,,,,1.0,,,,,,,14.1,8.7,0.22044887780548628,12.909576059850373
2,2.7301745635910226,0.0,0.0,0.0,0.0,0.0,0.22044887780548628,0.7795511221945137,0.0,0.0,0.0,0.0,146.14,-3.1,4.0,4.0,3.0,10.0,106.0,146.0,1.0,0.0,0.0,0,0,0,0,0,0,0,0,0,0,0,0.7795511221945137,0.22044887780548628,0.0,3.0,-17.2,-0.2198581404355929,-11.799999999999999,5.4,17.0,,1.0,2.0,0.0,7.0,0.0,0.0,0.0,1.0,1.0,0.0,1.0,14.1,775.0,2.0,40.0,18.0,17.0,94.1,0.0,0.0,0.0,1.0,1.0,0.0,0.0,0.0,0.0,1.0,0.0,8.7,0.0,386.7,0.0,5.0,0.0,0.0,20.2,,,,,,,,,,,,,1.0,,,,,,,14.1,8.7,0.22044887780548628,12.909576059850373
2,1.0234355522313636,0.0,0.0,0.0,0.0,0.0,0.22039391672899528,0.7796060832710048,0.0,0.0,0.0,0.0,146.14,-3.1,4.0,4.0,3.0,10.0,106.0,146.0,1.0,0.0,0.0,0,0,0,0,0,0,0,0,0,0,0,0.7796060832710048,0.22039391672899528,0.0,3.0,-17.2,-0.2198581404355929,-11.799999999999999,5.4,17.0,,1.0,2.0,0.0,7.0,0.0,0.0,0.0,1.0,1.0,0.0,1.0,14.1,775.0,2.0,40.0,18.0,17.0,94.1,0.0,0.0,0.0,1.0,1.0,0.0,0.0,0.0,0.0,1.0,0.0,8.7,0.0,386.7,0.0,5.0,0.0,0.0,20.2,,,,,,,,,,,,,1.0,,,,,,,14.1,8.7,0.22039391672899528,12.909872849663426
2,0.005973534971644613,0.0,0.0,0.0,0.0,0.0,0.2438563327032136,0.0,0.7561436672967864,0.0,0.0,0.0,158.12,-2.2,1.0,3.0,4.0,11.0,113.0,225.0,0.0,0.0,1.0,0,0,0,0,0,0,0,0,0,0,0,0.7561436672967864,0.2438563327032136,0.0,4.0,-17.3,-0.14569535458971164,-10.899999999999999,6.4,17.0,,1.0,1.0,0.0,8.0,0.0,0.0,0.0,1.0,1.0,0.0,1.0,15.1,770.1,2.0,43.0,22.0,17.0,111.0,0.0,0.0,0.0,1.0,1.0,0.0,0.0,0.0,0.0,1.0,0.0,8.7,0.0,386.7,0.0,5.0,0.0,0.0,20.2,,,,,,,,,,,,,1.0,,,,,,,15.1,8.7,0.2438563327032136,13.539319470699434
2,0.005973534971644613,0.0,0.0,0.0,0.0,0.0,0.2438563327032136,0.0,0.7561436672967864,0.0,0.0,0.0,158.12,-2.2,1.0,3.0,4.0,11.0,113.0,225.0,0.0,0.0,1.0,0,0,0,0,0,0,0,0,0,0,0,0.7561436672967864,0.2438563327032136,0.0,4.0,-17.3,-0.14569535458971164,-10.899999999999999,6.4,17.0,,1.0,1.0,0.0,8.0,0.0,0.0,0.0,1.0,1.0,0.0,1.0,15.1,770.1,2.0,43.0,22.0,17.0,111.0,0.0,0.0,0.0,1.0,1.0,0.0,0.0,0.0,0.0,1.0,0.0,8.7,0.0,386.7,0.0,5.0,0.0,0.0,20.2,,,,,,,,,,,,,1.0,,,,,,,15.1,8.7,0.2438563327032136,13.539319470699434
2,0.007979797979797981,0.0,0.0,0.0,0.0,0.0,0.32575757575757575,0.0,0.6742424242424242,0.0,0.0,0.0,158.12,-2.2,1.0,3.0,4.0,11.0,113.0,225.0,0.0,0.0,1.0,0,0,0,0,0,0,0,0,0,0,0,0.6742424242424242,0.32575757575757575,0.0,4.0,-17.3,-0.14569535458971164,-10.899999999999999,6.4,17.0,,1.0,1.0,0.0,8.0,0.0,0.0,0.0,1.0,1.0,0.0,1.0,15.1,770.1,2.0,43.0,22.0,17.0,111.0,0.0,0.0,0.0,1.0,1.0,0.0,0.0,0.0,0.0,1.0,0.0,8.7,0.0,386.7,0.0,5.0,0.0,0.0,20.2,,,,,,,,,,,,,1.0,,,,,,,15.1,8.7,0.32575757575757575,13.015151515151514
2,0.007979797979797981,0.0,0.0,0.0,0.0,0.0,0.32575757575757575,0.0,0.6742424242424242,0.0,0.0,0.0,158.12,-2.2,1.0,3.0,4.0,11.0,113.0,225.0,0.0,0.0,1.0,0,0,0,0,0,0,0,0,0,0,0,0.6742424242424242,0.32575757575757575,0.0,4.0,-17.3,-0.14569535458971164,-10.899999999999999,6.4,17.0,,1.0,1.0,0.0,8.0,0.0,0.0,0.0,1.0,1.0,0.0,1.0,15.1,770.1,2.0,43.0,22.0,17.0,111.0,0.0,0.0,0.0,1.0,1.0,0.0,0.0,0.0,0.0,1.0,0.0,8.7,0.0,386.7,0.0,5.0,0.0,0.0,20.2,,,,,,,,,,,,,1.0,,,,,,,15.1,8.7,0.32575757575757575,13.015151515151514
2,0.007282119646725546,0.0,0.0,0.0,0.0,0.0,0.0,0.0,0.7000499916680553,0.2999500083319447,0.0,0.0,1144.4,4.6,10.0,22.0,9.0,76.0,495.0,2180.0,6.0,2.0,3.0,0,0,0,0,0,0,0,0,0,0,1,0.7000499916680553,0.2999500083319447,0.0,9.0,-10.5,0.30463574141485156,-10.5,0.0,-1.0,,1.0,1.0,0.0,8.0,0.0,0.0,0.0,1.0,1.0,0.0,1.0,15.1,770.1,2.0,43.0,22.0,17.0,111.0,1.0,1.0,1.0,4.0,0.0,0.0,1.0,0.0,0.0,0.0,0.0,15.1,0.0,698.5,2.0,37.0,18.0,18.0,52.6,,,,,,,,,,,,,1.0,,,,,,,15.1,15.1,0.0,15.099999999999998
2,0.010927731932983248,0.0,0.0,0.0,0.0,0.0,0.0,0.0,0.6999249812453113,0.3000750187546887,0.0,0.0,1144.4,4.6,10.0,22.0,9.0,76.0,495.0,2180.0,6.0,2.0,3.0,0,0,0,0,0,0,0,0,0,0,1,0.6999249812453113,0.3000750187546887,0.0,9.0,-10.5,0.30463574141485156,-10.5,0.0,-1.0,,1.0,1.0,0.0,8.0,0.0,0.0,0.0,1.0,1.0,0.0,1.0,15.1,770.1,2.0,43.0,22.0,17.0,111.0,1.0,1.0,1.0,4.0,0.0,0.0,1.0,0.0,0.0,0.0,0.0,15.1,0.0,698.5,2.0,37.0,18.0,18.0,52.6,,,,,,,,,,,,,1.0,,,,,,,15.1,15.1,0.0,15.1
2,0.021855463865966495,0.0,0.0,0.0,0.0,0.0,0.0,0.0,0.6999249812453113,0.3000750187546887,0.0,0.0,1144.4,4.6,10.0,22.0,9.0,76.0,495.0,2180.0,6.0,2.0,3.0,0,0,0,0,0,0,0,0,0,0,1,0.6999249812453113,0.3000750187546887,0.0,9.0,-10.5,0.30463574141485156,-10.5,0.0,-1.0,,1.0,1.0,0.0,8.0,0.0,0.0,0.0,1.0,1.0,0.0,1.0,15.1,770.1,2.0,43.0,22.0,17.0,111.0,1.0,1.0,1.0,4.0,0.0,0.0,1.0,0.0,0.0,0.0,0.0,15.1,0.0,698.5,2.0,37.0,18.0,18.0,52.6,,,,,,,,,,,,,1.0,,,,,,,15.1,15.1,0.0,15.1
3,0.010925,0.0,0.0,0.0,0.0,0.0,0.2,0.0,0.5,0.3,0.0,0.0,1144.4,4.6,10.0,22.0,9.0,76.0,495.0,2180.0,6.0,2.0,3.0,0,0,0,0,0,0,0,0,0,0,1,0.5,0.3,0.2,9.0,-10.5,0.30463574141485156,-10.5,0.0,-1.0,6.4,1.0,1.0,0.0,8.0,0.0,0.0,0.0,1.0,1.0,0.0,1.0,15.1,770.1,2.0,43.0,22.0,17.0,111.0,1.0,1.0,1.0,4.0,0.0,0.0,1.0,0.0,0.0,0.0,0.0,15.1,0.0,698.5,2.0,37.0,18.0,18.0,52.6,0.0,0.0,0.0,1.0,1.0,0.0,0.0,0.0,0.0,1.0,0.0,8.7,0.0,386.7,0.0,5.0,0.0,0.0,20.2,15.1,8.7,0.2,13.819999999999999
2,0.007286976821744205,0.0,0.0,0.0,0.0,0.0,0.0,0.0,0.599799899949975,0.40020010005002504,0.0,0.0,1144.4,4.6,10.0,22.0,9.0,76.0,495.0,2180.0,6.0,2.0,3.0,0,0,0,0,0,0,0,0,0,0,1,0.599799899949975,0.40020010005002504,0.0,9.0,-10.5,0.30463574141485156,-10.5,0.0,-1.0,,1.0,1.0,0.0,8.0,0.0,0.0,0.0,1.0,1.0,0.0,1.0,15.1,770.1,2.0,43.0,22.0,17.0,111.0,1.0,1.0,1.0,4.0,0.0,0.0,1.0,0.0,0.0,0.0,0.0,15.1,0.0,698.5,2.0,37.0,18.0,18.0,52.6,,,,,,,,,,,,,1.0,,,,,,,15.1,15.1,0.0,15.099999999999998
2,0.006240182778809082,0.0,0.0,0.0,0.0,0.0,0.0,0.0,0.7001285163501356,0.2998714836498643,0.0,0.0,1144.4,4.6,10.0,22.0,9.0,76.0,495.0,2180.0,6.0,2.0,3.0,0,0,0,0,0,0,0,0,0,0,1,0.7001285163501356,0.2998714836498643,0.0,9.0,-10.5,0.30463574141485156,-10.5,0.0,-1.0,,1.0,1.0,0.0,8.0,0.0,0.0,0.0,1.0,1.0,0.0,1.0,15.1,770.1,2.0,43.0,22.0,17.0,111.0,1.0,1.0,1.0,4.0,0.0,0.0,1.0,0.0,0.0,0.0,0.0,15.1,0.0,698.5,2.0,37.0,18.0,18.0,52.6,,,,,,,,,,,,,1.0,,,,,,,15.1,15.1,0.0,15.099999999999998
2,6.0,0.7,0.0,0.0,0.0,0.0,0.3,0.0,0.0,0.0,0.0,0.0,129.16,-1.3,2.0,1.0,3.0,9.0,91.5,132.0,0.0,0.0,0.0,0,0,0,0,0,0,0,0,0,0,0,0.7,0.3,0.0,3.0,-14.8,-0.09629628916323785,-10.0,4.800000000000001,16.0,,1.0,0.0,0.0,8.0,0.0,0.0,0.0,0.0,1.0,0.0,1.0,13.5,734.0,2.0,40.0,16.0,16.0,111.0,0.0,0.0,0.0,1.0,1.0,0.0,0.0,0.0,0.0,1.0,0.0,8.7,0.0,386.7,0.0,5.0,0.0,0.0,20.2,,,,,,,,,,,,,1.0,,,,,,,13.5,8.7,0.3,12.059999999999999
2,0.010131578947368422,0.0,0.4473684210526316,0.0,0.0,0.0,0.5526315789473685,0.0,0.0,0.0,0.0,0.0,1620.7,-5.1,35.0,28.0,22.0,115.0,702.0,3480.0,13.0,0.0,4.0,0,0,0,0,0,0,0,0,0,0,0,0.4473684210526316,0.5526315789473685,0.0,22.0,-20.7,-0.32692305596647075,-13.799999999999999,6.9,18.0,,1.0,0.0,0.0,8.0,0.0,0.0,0.0,0.0,1.0,0.0,1.0,15.6,790.1,2.0,44.0,18.0,18.0,111.0,0.0,0.0,0.0,1.0,1.0,0.0,0.0,0.0,0.0,1.0,0.0,8.7,0.0,386.7,0.0,5.0,0.0,0.0,20.2,,,,,,,,,,,,,1.0,,,,,,,15.6,8.7,0.5526315789473685,11.786842105263158
2,0.006586826347305389,0.0,0.0,0.0,0.0,0.0,0.31137724550898205,0.0,0.0,0.688622754491018,0.0,0.0,543.5,1.3,5.0,12.0,6.0,39.0,206.0,977.0,6.0,0.0,5.0,0,0,0,0,0,0,0,0,0,0,0,0.688622754491018,0.31137724550898205,0.0,6.0,-13.799999999999999,0.08609270953028414,-7.3999999999999995,6.4,18.0,,1.0,1.0,1.0,4.0,0.0,0.0,1.0,0.0,0.0,0.0,0.0,15.1,698.5,2.0,37.0,18.0,18.0,52.6,0.0,0.0,0.0,1.0,1.0,0.0,0.0,0.0,0.0,1.0,0.0,8.7,0.0,386.7,0.0,5.0,0.0,0.0,20.2,,,,,,,,,,,,,1.0,,,,,,,15.1,8.7,0.31137724550898205,13.107185628742513
2,1.5607235142118865,0.0,0.0,0.0,0.0,0.0,0.44099913867355733,0.0,0.5590008613264428,0.0,0.0,0.0,204.29,1.8,1.0,2.0,0.0,14.0,40.9,246.0,1.0,0.0,3.0,0,0,0,0,0,0,0,0,0,0,0,0.5590008613264428,0.44099913867355733,0.0,0.0,-13.299999999999999,0.11920529011885497,-6.8999999999999995,6.4,17.0,,1.0,1.0,0.0,8.0,0.0,0.0,0.0,1.0,1.0,0.0,1.0,15.1,770.1,2.0,43.0,22.0,17.0,111.0,0.0,0.0,0.0,1.0,1.0,0.0,0.0,0.0,0.0,1.0,0.0,8.7,0.0,386.7,0.0,5.0,0.0,0.0,20.2,,,,,,,,,,,,,1.0,,,,,,,15.1,8.7,0.44099913867355733,12.277605512489234
2,1.7155110793423873,0.0,0.0,0.0,0.0,0.0,0.536097212294496,0.0,0.4639027877055039,0.0,0.0,0.0,204.29,1.8,1.0,2.0,0.0,14.0,40.9,246.0,1.0,0.0,3.0,0,0,0,0,0,0,0,0,0,0,0,0.4639027877055039,0.536097212294496,0.0,0.0,-13.299999999999999,0.11920529011885497,-6.8999999999999995,6.4,17.0,,1.0,1.0,0.0,8.0,0.0,0.0,0.0,1.0,1.0,0.0,1.0,15.1,770.1,2.0,43.0,22.0,17.0,111.0,0.0,0.0,0.0,1.0,1.0,0.0,0.0,0.0,0.0,1.0,0.0,8.7,0.0,386.7,0.0,5.0,0.0,0.0,20.2,,,,,,,,,,,,,1.0,,,,,,,15.1,8.7,0.536097212294496,11.668977841315224
2,1.0851818988464952,0.0,0.0,0.0,0.0,0.0,0.43566992014196987,0.0,0.5643300798580302,0.0,0.0,0.0,204.29,1.8,1.0,2.0,0.0,14.0,40.9,246.0,1.0,0.0,3.0,0,0,0,0,0,0,0,0,0,0,0,0.5643300798580302,0.43566992014196987,0.0,0.0,-13.299999999999999,0.11920529011885497,-6.8999999999999995,6.4,17.0,,1.0,1.0,0.0,8.0,0.0,0.0,0.0,1.0,1.0,0.0,1.0,15.1,770.1,2.0,43.0,22.0,17.0,111.0,0.0,0.0,0.0,1.0,1.0,0.0,0.0,0.0,0.0,1.0,0.0,8.7,0.0,386.7,0.0,5.0,0.0,0.0,20.2,,,,,,,,,,,,,1.0,,,,,,,15.1,8.7,0.43566992014196987,12.311712511091393
2,1.0373197625106023,0.0,0.0,0.0,0.0,0.0,0.46055979643765904,0.0,0.539440203562341,0.0,0.0,0.0,204.29,1.8,1.0,2.0,0.0,14.0,40.9,246.0,1.0,0.0,3.0,0,0,0,0,0,0,0,0,0,0,0,0.539440203562341,0.46055979643765904,0.0,0.0,-13.299999999999999,0.11920529011885497,-6.8999999999999995,6.4,17.0,,1.0,1.0,0.0,8.0,0.0,0.0,0.0,1.0,1.0,0.0,1.0,15.1,770.1,2.0,43.0,22.0,17.0,111.0,0.0,0.0,0.0,1.0,1.0,0.0,0.0,0.0,0.0,1.0,0.0,8.7,0.0,386.7,0.0,5.0,0.0,0.0,20.2,,,,,,,,,,,,,1.0,,,,,,,15.1,8.7,0.46055979643765904,12.152417302798982
2,1.4123148869836322,0.0,0.0,0.0,0.0,0.0,0.5042868277474668,0.0,0.49571317225253314,0.0,0.0,0.0,204.29,1.8,1.0,2.0,0.0,14.0,40.9,246.0,1.0,0.0,3.0,0,0,0,0,0,0,0,0,0,0,0,0.49571317225253314,0.5042868277474668,0.0,0.0,-13.299999999999999,0.11920529011885497,-6.8999999999999995,6.4,17.0,,1.0,1.0,0.0,8.0,0.0,0.0,0.0,1.0,1.0,0.0,1.0,15.1,770.1,2.0,43.0,22.0,17.0,111.0,0.0,0.0,0.0,1.0,1.0,0.0,0.0,0.0,0.0,1.0,0.0,8.7,0.0,386.7,0.0,5.0,0.0,0.0,20.2,,,,,,,,,,,,,1.0,,,,,,,15.1,8.7,0.5042868277474668,11.872564302416212
2,1.6535087719298247,0.0,0.0,0.0,0.0,0.0,0.4307017543859649,0.0,0.5692982456140351,0.0,0.0,0.0,265.33,2.9,5.0,4.0,2.0,18.0,92.3,290.0,0.0,0.0,2.0,0,0,0,0,0,0,0,0,0,0,0,0.5692982456140351,0.4307017543859649,0.0,2.0,-12.2,0.19205296741371078,-5.799999999999999,6.4,17.0,,1.0,1.0,0.0,8.0,0.0,0.0,0.0,1.0,1.0,0.0,1.0,15.1,770.1,2.0,43.0,22.0,17.0,111.0,0.0,0.0,0.0,1.0,1.0,0.0,0.0,0.0,0.0,1.0,0.0,8.7,0.0,386.7,0.0,5.0,0.0,0.0,20.2,,,,,,,,,,,,,1.0,,,,,,,15.1,8.7,0.4307017543859649,12.343508771929825
2,0.8271929824561403,0.0,0.0,0.0,0.0,0.0,0.4307017543859649,0.0,0.5692982456140351,0.0,0.0,0.0,265.33,2.9,5.0,4.0,2.0,18.0,92.3,290.0,0.0,0.0,2.0,0,0,0,0,0,0,0,0,0,0,0,0.5692982456140351,0.4307017543859649,0.0,2.0,-12.2,0.19205296741371078,-5.799999999999999,6.4,17.0,,1.0,1.0,0.0,8.0,0.0,0.0,0.0,1.0,1.0,0.0,1.0,15.1,770.1,2.0,43.0,22.0,17.0,111.0,0.0,0.0,0.0,1.0,1.0,0.0,0.0,0.0,0.0,1.0,0.0,8.7,0.0,386.7,0.0,5.0,0.0,0.0,20.2,,,,,,,,,,,,,1.0,,,,,,,15.1,8.7,0.4307017543859649,12.343508771929825
2,0.26763990267639903,0.0,0.0,0.0,0.0,0.0,0.20072992700729927,0.7992700729927007,0.0,0.0,0.0,0.0,554.6,1.8,6.0,10.0,4.0,36.0,195.0,750.0,2.0,0.0,3.0,1,1,1,1,1,1,1,1,1,1,1,0.7992700729927007,0.20072992700729927,0.0,,,,,5.4,17.0,,1.0,2.0,0.0,7.0,0.0,0.0,0.0,1.0,1.0,0.0,1.0,14.1,775.0,2.0,40.0,18.0,17.0,94.1,0.0,0.0,0.0,1.0,1.0,0.0,0.0,0.0,0.0,1.0,0.0,8.7,0.0,386.7,0.0,5.0,0.0,0.0,20.2,,,,,,,,,,,,,1.0,,,,,,,14.1,8.7,0.20072992700729927,13.016058394160584
2,0.26703755215577185,0.0,0.0,0.0,0.0,0.0,0.20027816411682892,0.799721835883171,0.0,0.0,0.0,0.0,554.6,1.8,6.0,10.0,4.0,36.0,195.0,750.0,2.0,0.0,3.0,1,1,1,1,1,1,1,1,1,1,1,0.799721835883171,0.20027816411682892,0.0,,,,,5.4,17.0,,1.0,2.0,0.0,7.0,0.0,0.0,0.0,1.0,1.0,0.0,1.0,14.1,775.0,2.0,40.0,18.0,17.0,94.1,0.0,0.0,0.0,1.0,1.0,0.0,0.0,0.0,0.0,1.0,0.0,8.7,0.0,386.7,0.0,5.0,0.0,0.0,20.2,,,,,,,,,,,,,1.0,,,,,,,14.1,8.7,0.20027816411682892,13.018497913769123
2,0.017117117117117116,0.0,0.0,0.0,0.0,0.0,0.40765765765765766,0.5923423423423423,0.0,0.0,0.0,0.0,554.6,-1.3,8.0,13.0,4.0,36.0,288.0,1110.0,2.0,1.0,4.0,0,0,0,0,0,0,0,0,0,0,0,0.5923423423423423,0.40765765765765766,0.0,4.0,-15.4,-0.09219857502137767,-10.0,5.4,17.0,,1.0,2.0,0.0,7.0,0.0,0.0,0.0,1.0,1.0,0.0,1.0,14.1,775.0,2.0,40.0,18.0,17.0,94.1,0.0,0.0,0.0,1.0,1.0,0.0,0.0,0.0,0.0,1.0,0.0,8.7,0.0,386.7,0.0,5.0,0.0,0.0,20.2,,,,,,,,,,,,,1.0,,,,,,,14.1,8.7,0.40765765765765766,11.898648648648647
2,0.010749646393210749,0.0,0.0,0.0,0.0,0.0,0.256011315417256,0.743988684582744,0.0,0.0,0.0,0.0,554.6,-1.3,8.0,13.0,4.0,36.0,288.0,1110.0,2.0,1.0,4.0,0,0,0,0,0,0,0,0,0,0,0,0.743988684582744,0.256011315417256,0.0,4.0,-15.4,-0.09219857502137767,-10.0,5.4,17.0,,1.0,2.0,0.0,7.0,0.0,0.0,0.0,1.0,1.0,0.0,1.0,14.1,775.0,2.0,40.0,18.0,17.0,94.1,0.0,0.0,0.0,1.0,1.0,0.0,0.0,0.0,0.0,1.0,0.0,8.7,0.0,386.7,0.0,5.0,0.0,0.0,20.2,,,,,,,,,,,,,1.0,,,,,,,14.1,8.7,0.256011315417256,12.717538896746818
2,0.006158833063209076,0.0,0.0,0.0,0.0,0.0,0.146677471636953,0.8533225283630469,0.0,0.0,0.0,0.0,554.6,-1.3,8.0,13.0,4.0,36.0,288.0,1110.0,2.0,1.0,4.0,0,0,0,0,0,0,0,0,0,0,0,0.8533225283630469,0.146677471636953,0.0,4.0,-15.4,-0.09219857502137767,-10.0,5.4,17.0,,1.0,2.0,0.0,7.0,0.0,0.0,0.0,1.0,1.0,0.0,1.0,14.1,775.0,2.0,40.0,18.0,17.0,94.1,0.0,0.0,0.0,1.0,1.0,0.0,0.0,0.0,0.0,1.0,0.0,8.7,0.0,386.7,0.0,5.0,0.0,0.0,20.2,,,,,,,,,,,,,1.0,,,,,,,14.1,8.7,0.146677471636953,13.307941653160452
2,0.01216,0.0,0.0,0.0,0.0,0.0,0.5792,0.4208,0.0,0.0,0.0,0.0,554.6,-1.3,8.0,13.0,4.0,36.0,288.0,1110.0,2.0,1.0,4.0,0,0,0,0,0,0,0,0,0,0,0,0.4208,0.5792,0.0,4.0,-15.4,-0.09219857502137767,-10.0,5.4,17.0,,1.0,2.0,0.0,7.0,0.0,0.0,0.0,1.0,1.0,0.0,1.0,14.1,775.0,2.0,40.0,18.0,17.0,94.1,0.0,0.0,0.0,1.0,1.0,0.0,0.0,0.0,0.0,1.0,0.0,8.7,0.0,386.7,0.0,5.0,0.0,0.0,20.2,,,,,,,,,,,,,1.0,,,,,,,14.1,8.7,0.5792,10.97232
2,0.007700101317122594,0.0,0.0,0.0,0.0,0.0,0.7335359675785208,0.2664640324214792,0.0,0.0,0.0,0.0,554.6,-1.3,8.0,13.0,4.0,36.0,288.0,1110.0,2.0,1.0,4.0,0,0,0,0,0,0,0,0,0,0,0,0.2664640324214792,0.7335359675785208,0.0,4.0,-15.4,-0.09219857502137767,-10.0,5.4,17.0,,1.0,2.0,0.0,7.0,0.0,0.0,0.0,1.0,1.0,0.0,1.0,14.1,775.0,2.0,40.0,18.0,17.0,94.1,0.0,0.0,0.0,1.0,1.0,0.0,0.0,0.0,0.0,1.0,0.0,8.7,0.0,386.7,0.0,5.0,0.0,0.0,20.2,,,,,,,,,,,,,1.0,,,,,,,14.1,8.7,0.7335359675785208,10.138905775075987
1,0.0004103343465045593,0.0,0.0,0.0,0.0,0.0,0.0,1.0,0.0,0.0,0.0,0.0,727.8,-5.3,22.0,13.0,12.0,50.0,359.0,1170.0,7.0,0.0,3.0,0,0,0,0,0,0,0,0,0,0,1,1.0,0.0,0.0,12.0,-19.4,-0.37588649816407815,,,,,1.0,2.0,0.0,7.0,0.0,0.0,0.0,1.0,1.0,0.0,1.0,14.1,775.0,2.0,40.0,18.0,17.0,94.1,,,,,,,,,,,,,1.0,,,,,,,,,,,,,,,,,,,1.0,,,,,,,14.1,14.1,0.0,14.1
2,0.4,0.0,0.0,0.0,0.0,0.0,0.4,0.6,0.0,0.0,0.0,0.0,204.29,1.8,1.0,2.0,0.0,14.0,40.9,246.0,1.0,0.0,3.0,0,0,0,0,0,0,0,0,0,0,0,0.6,0.4,0.0,0.0,-12.299999999999999,0.12765956541421522,-6.8999999999999995,5.4,17.0,,1.0,2.0,0.0,7.0,0.0,0.0,0.0,1.0,1.0,0.0,1.0,14.1,775.0,2.0,40.0,18.0,17.0,94.1,0.0,0.0,0.0,1.0,1.0,0.0,0.0,0.0,0.0,1.0,0.0,8.7,0.0,386.7,0.0,5.0,0.0,0.0,20.2,,,,,,,,,,,,,1.0,,,,,,,14.1,8.7,0.4,11.94
2,0.25,0.0,0.0,0.0,0.0,0.0,0.25,0.75,0.0,0.0,0.0,0.0,204.29,1.8,1.0,2.0,0.0,14.0,40.9,246.0,1.0,0.0,3.0,0,0,0,0,0,0,0,0,0,0,0,0.75,0.25,0.0,0.0,-12.299999999999999,0.12765956541421522,-6.8999999999999995,5.4,17.0,,1.0,2.0,0.0,7.0,0.0,0.0,0.0,1.0,1.0,0.0,1.0,14.1,775.0,2.0,40.0,18.0,17.0,94.1,0.0,0.0,0.0,1.0,1.0,0.0,0.0,0.0,0.0,1.0,0.0,8.7,0.0,386.7,0.0,5.0,0.0,0.0,20.2,,,,,,,,,,,,,1.0,,,,,,,14.1,8.7,0.25,12.75
2,0.2,0.0,0.0,0.0,0.0,0.0,0.2,0.8,0.0,0.0,0.0,0.0,204.29,1.8,1.0,2.0,0.0,14.0,40.9,246.0,1.0,0.0,3.0,0,0,0,0,0,0,0,0,0,0,0,0.8,0.2,0.0,0.0,-12.299999999999999,0.12765956541421522,-6.8999999999999995,5.4,17.0,,1.0,2.0,0.0,7.0,0.0,0.0,0.0,1.0,1.0,0.0,1.0,14.1,775.0,2.0,40.0,18.0,17.0,94.1,0.0,0.0,0.0,1.0,1.0,0.0,0.0,0.0,0.0,1.0,0.0,8.7,0.0,386.7,0.0,5.0,0.0,0.0,20.2,,,,,,,,,,,,,1.0,,,,,,,14.1,8.7,0.2,13.020000000000001
2,0.20765027322404372,0.0,0.7498482088646024,0.0,0.0,0.0,0.2501517911353977,0.0,0.0,0.0,0.0,0.0,1485.7,-4.4,13.0,26.0,20.0,102.0,530.0,2960.0,18.0,0.0,10.0,0,0,0,0,0,0,0,0,0,0,0,0.7498482088646024,0.2501517911353977,0.0,20.0,-20.0,-0.2820512639710729,-13.1,6.9,18.0,,1.0,0.0,0.0,8.0,0.0,0.0,0.0,0.0,1.0,0.0,1.0,15.6,790.1,2.0,44.0,18.0,18.0,111.0,0.0,0.0,0.0,1.0,1.0,0.0,0.0,0.0,0.0,1.0,0.0,8.7,0.0,386.7,0.0,5.0,0.0,0.0,20.2,,,,,,,,,,,,,1.0,,,,,,,15.6,8.7,0.2501517911353977,13.873952641165756
2,0.0014161849710982658,0.0,0.0,0.0,0.0,0.0,0.2485549132947977,0.7514450867052024,0.0,0.0,0.0,0.0,272.25,2.4,1.0,5.0,3.0,20.0,87.0,363.0,0.0,0.0,3.0,0,0,0,0,0,0,0,0,0,0,0,0.7514450867052024,0.2485549132947977,0.0,3.0,-11.7,0.1702127538856203,-6.299999999999999,5.4,17.0,,1.0,2.0,0.0,7.0,0.0,0.0,0.0,1.0,1.0,0.0,1.0,14.1,775.0,2.0,40.0,18.0,17.0,94.1,0.0,0.0,0.0,1.0,1.0,0.0,0.0,0.0,0.0,1.0,0.0,8.7,0.0,386.7,0.0,5.0,0.0,0.0,20.2,,,,,,,,,,,,,1.0,,,,,,,14.1,8.7,0.2485549132947977,12.757803468208094
2,0.28323699421965315,0.0,0.0,0.0,0.0,0.0,0.2485549132947977,0.7514450867052024,0.0,0.0,0.0,0.0,272.25,2.4,1.0,5.0,3.0,20.0,87.0,363.0,0.0,0.0,3.0,0,0,0,0,0,0,0,0,0,0,0,0.7514450867052024,0.2485549132947977,0.0,3.0,-11.7,0.1702127538856203,-6.299999999999999,5.4,17.0,,1.0,2.0,0.0,7.0,0.0,0.0,0.0,1.0,1.0,0.0,1.0,14.1,775.0,2.0,40.0,18.0,17.0,94.1,0.0,0.0,0.0,1.0,1.0,0.0,0.0,0.0,0.0,1.0,0.0,8.7,0.0,386.7,0.0,5.0,0.0,0.0,20.2,,,,,,,,,,,,,1.0,,,,,,,14.1,8.7,0.2485549132947977,12.757803468208094
2,0.42581888246628136,0.0,0.0,0.0,0.0,0.0,0.2485549132947977,0.7514450867052024,0.0,0.0,0.0,0.0,272.25,2.4,1.0,5.0,3.0,20.0,87.0,363.0,0.0,0.0,3.0,0,0,0,0,0,0,0,0,0,0,0,0.7514450867052024,0.2485549132947977,0.0,3.0,-11.7,0.1702127538856203,-6.299999999999999,5.4,17.0,,1.0,2.0,0.0,7.0,0.0,0.0,0.0,1.0,1.0,0.0,1.0,14.1,775.0,2.0,40.0,18.0,17.0,94.1,0.0,0.0,0.0,1.0,1.0,0.0,0.0,0.0,0.0,1.0,0.0,8.7,0.0,386.7,0.0,5.0,0.0,0.0,20.2,,,,,,,,,,,,,1.0,,,,,,,14.1,8.7,0.2485549132947977,12.757803468208094
2,0.7876923076923077,0.0,0.0,0.0,0.0,0.0,0.2,0.8,0.0,0.0,0.0,0.0,785.0,2.44,7.0,16.0,7.0,54.0,182.0,1150.0,18.0,0.0,3.0,0,0,0,0,0,0,0,0,0,0,0,0.8,0.2,0.0,7.0,-11.66,0.1730496331170473,-6.26,5.4,17.0,,1.0,2.0,0.0,7.0,0.0,0.0,0.0,1.0,1.0,0.0,1.0,14.1,775.0,2.0,40.0,18.0,17.0,94.1,0.0,0.0,0.0,1.0,1.0,0.0,0.0,0.0,0.0,1.0,0.0,8.7,0.0,386.7,0.0,5.0,0.0,0.0,20.2,,,,,,,,,,,,,1.0,,,,,,,14.1,8.7,0.2,13.020000000000001
2,0.00923076923076923,0.0,0.0,0.0,0.0,0.0,0.2,0.8,0.0,0.0,0.0,0.0,3354.1,-6.1,67.0,50.0,41.0,229.0,1390.0,7840.0,0.0,1.0,3.0,0,0,0,0,0,0,0,0,0,0,1,0.8,0.2,0.0,41.0,-20.2,-0.43262408279261827,-14.799999999999999,5.4,17.0,,1.0,2.0,0.0,7.0,0.0,0.0,0.0,1.0,1.0,0.0,1.0,14.1,775.0,2.0,40.0,18.0,17.0,94.1,0.0,0.0,0.0,1.0,1.0,0.0,0.0,0.0,0.0,1.0,0.0,8.7,0.0,386.7,0.0,5.0,0.0,0.0,20.2,,,,,,,,,,,,,1.0,,,,,,,14.1,8.7,0.2,13.020000000000001
2,0.1015076112412178,0.0,0.0,0.0,0.0,0.0,0.11109484777517564,0.8889051522248242,0.0,0.0,0.0,0.0,720.9,6.0,18.0,9.0,4.0,50.0,202.0,1040.0,4.0,0.0,4.0,0,0,0,0,0,0,0,0,0,0,0,0.8889051522248242,0.11109484777517564,0.0,4.0,-8.1,0.4255318847140508,-2.6999999999999993,5.4,17.0,,1.0,2.0,0.0,7.0,0.0,0.0,0.0,1.0,1.0,0.0,1.0,14.1,775.0,2.0,40.0,18.0,17.0,94.1,0.0,0.0,0.0,1.0,1.0,0.0,0.0,0.0,0.0,1.0,0.0,8.7,0.0,386.7,0.0,5.0,0.0,0.0,20.2,,,,,,,,,,,,,1.0,,,,,,,14.1,8.7,0.11109484777517564,13.50008782201405
2,0.13132102272727272,0.0,0.0,0.0,0.0,0.0,0.1666903409090909,0.833309659090909,0.0,0.0,0.0,0.0,720.9,6.0,18.0,9.0,4.0,50.0,202.0,1040.0,4.0,0.0,4.0,0,0,0,0,0,0,0,0,0,0,0,0.833309659090909,0.1666903409090909,0.0,4.0,-8.1,0.4255318847140508,-2.6999999999999993,5.4,17.0,,1.0,2.0,0.0,7.0,0.0,0.0,0.0,1.0,1.0,0.0,1.0,14.1,775.0,2.0,40.0,18.0,17.0,94.1,0.0,0.0,0.0,1.0,1.0,0.0,0.0,0.0,0.0,1.0,0.0,8.7,0.0,386.7,0.0,5.0,0.0,0.0,20.2,,,,,,,,,,,,,1.0,,,,,,,14.1,8.7,0.1666903409090909,13.199872159090907
2,0.17907171906268157,0.0,0.0,0.0,0.0,0.0,0.3333548512039249,0.6666451487960752,0.0,0.0,0.0,0.0,720.9,6.0,18.0,9.0,4.0,50.0,202.0,1040.0,4.0,0.0,4.0,0,0,0,0,0,0,0,0,0,0,0,0.6666451487960752,0.3333548512039249,0.0,4.0,-8.1,0.4255318847140508,-2.6999999999999993,5.4,17.0,,1.0,2.0,0.0,7.0,0.0,0.0,0.0,1.0,1.0,0.0,1.0,14.1,775.0,2.0,40.0,18.0,17.0,94.1,0.0,0.0,0.0,1.0,1.0,0.0,0.0,0.0,0.0,1.0,0.0,8.7,0.0,386.7,0.0,5.0,0.0,0.0,20.2,,,,,,,,,,,,,1.0,,,,,,,14.1,8.7,0.3333548512039249,12.299883803498807
